{"weight_norm/fc_input.1.weight": 2.6153342723846436, "_timestamp": 1712249863.53324, "grad_var/fc_input.1.weight": 0.0008515247609466314, "params_var/fc_input.1.weight": 0.28240013122558594, "weight_norm/fc_input.1.bias": 0.10702673345804214, "grad_var/fc_input.1.bias": 0.0012332440819591284, "params_var/fc_input.1.bias": 0.02414212003350258, "weight_norm/fc_out.0.weight": 6.945627212524414, "grad_var/fc_out.0.weight": 0.48729029297828674, "params_var/fc_out.0.weight": 0.754338800907135, "weight_norm/fc_out.0.bias": 0.1576111912727356, "grad_var/fc_out.0.bias": 0.0027601432520896196, "params_var/fc_out.0.bias": 2.9073691368103027, "train/loss": 2.0112640857696533, "train/accuracy": 0.4583333432674408, "_runtime": 49.672871112823486, "_step": 2000, "eval/loss": 1.5820967681884766, "eval/accuracy": 0.5709, "_wandb": {"runtime": 48}}