{"weight_norm/fc_input.1.weight": 9.194530487060547, "_timestamp": 1712252485.450138, "grad_var/fc_input.1.weight": 0.006289465818554163, "params_var/fc_input.1.weight": 1.6228599548339844, "weight_norm/fc_input.1.bias": 0.3318064212799072, "grad_var/fc_input.1.bias": 0.005199487321078777, "params_var/fc_input.1.bias": 1.406726598739624, "weight_norm/fc_out.0.weight": 10.952949523925781, "grad_var/fc_out.0.weight": 1.2117888927459717, "params_var/fc_out.0.weight": 317.68780517578125, "weight_norm/fc_out.0.bias": 0.12647156417369843, "grad_var/fc_out.0.bias": 0.0017772284336388111, "params_var/fc_out.0.bias": 1.0815412998199463, "train/loss": 2.5070207118988037, "train/accuracy": 0.0833333358168602, "_runtime": 49.868075132369995, "_step": 2000, "eval/loss": 3.077839274597168, "eval/accuracy": 0.1306, "_wandb": {"runtime": 48}}