{"weight_norm/fc_input.1.weight": 9.069028854370117, "_timestamp": 1712254112.3017752, "grad_var/fc_input.1.weight": 0.006037688814103603, "params_var/fc_input.1.weight": 0.11275332421064377, "weight_norm/fc_input.1.bias": 0.3326902389526367, "grad_var/fc_input.1.bias": 0.005143816117197275, "params_var/fc_input.1.bias": 0.09441481530666351, "weight_norm/fc_out.0.weight": 10.951159477233887, "grad_var/fc_out.0.weight": 1.2113929986953735, "params_var/fc_out.0.weight": 21.271591186523438, "weight_norm/fc_out.0.bias": 0.1777493804693222, "grad_var/fc_out.0.bias": 0.00351053848862648, "params_var/fc_out.0.bias": 0.2668304145336151, "train/loss": 3.181359052658081, "train/accuracy": 0.125, "_runtime": 19.394306182861328, "_step": 799, "eval/loss": 2.2214639888763426, "eval/accuracy": 0.2111}