{"weight_norm/fc_input.1.weight": 73.48796844482422, "_timestamp": 1712252346.926165, "grad_var/fc_input.1.weight": 0.5252523422241211, "params_var/fc_input.1.weight": 115.96571350097656, "weight_norm/fc_input.1.bias": 2.8471715450286865, "grad_var/fc_input.1.bias": 0.5680861473083496, "params_var/fc_input.1.bias": 124.64933776855469, "weight_norm/fc_out.0.weight": 53.705162048339844, "grad_var/fc_out.0.weight": 29.13378143310547, "params_var/fc_out.0.weight": 6940.21630859375, "weight_norm/fc_out.0.bias": 0.6651774644851685, "grad_var/fc_out.0.bias": 0.04916233941912651, "params_var/fc_out.0.bias": 14.993971824645996, "train/loss": 8.09756088256836, "train/accuracy": 0.125, "_runtime": 46.39154314994812, "_step": 2000, "eval/loss": 7.542896392822265, "eval/accuracy": 0.101, "_wandb": {"runtime": 44}}