{"weight_norm/fc_input.1.weight": 0.6445671319961548, "_timestamp": 1712249700.2667332, "grad_var/fc_input.1.weight": 5.299421536619775e-05, "params_var/fc_input.1.weight": 0.21617387235164642, "weight_norm/fc_input.1.bias": 0.018155664205551147, "grad_var/fc_input.1.bias": 3.662502786028199e-05, "params_var/fc_input.1.bias": 0.002552514895796776, "weight_norm/fc_out.0.weight": 1.8833531141281128, "grad_var/fc_out.0.weight": 0.035828474909067154, "params_var/fc_out.0.weight": 0.5699200630187988, "weight_norm/fc_out.0.bias": 0.04994654655456543, "grad_var/fc_out.0.bias": 0.00027718418277800083, "params_var/fc_out.0.bias": 1.3584210872650146, "train/loss": 1.3662399053573608, "train/accuracy": 0.4583333432674408, "_runtime": 49.884767055511475, "_step": 2000, "eval/loss": 1.4898698822021483, "eval/accuracy": 0.456, "_wandb": {"runtime": 47}}