{"weight_norm/fc_input.1.weight": 1.908124327659607, "_timestamp": 1712249518.85395, "grad_var/fc_input.1.weight": 0.0004230895428918302, "params_var/fc_input.1.weight": 0.5457844734191895, "weight_norm/fc_input.1.bias": 0.062447767704725266, "grad_var/fc_input.1.bias": 0.00034526418312452734, "params_var/fc_input.1.bias": 0.1833878755569458, "weight_norm/fc_out.0.weight": 77.05868530273438, "grad_var/fc_out.0.weight": 59.98021697998047, "params_var/fc_out.0.weight": 0.5694500803947449, "weight_norm/fc_out.0.bias": 0.10944385826587677, "grad_var/fc_out.0.bias": 0.0013308842899277806, "params_var/fc_out.0.bias": 1.2352960109710693, "train/loss": 5.081174373626709, "train/accuracy": 0.5416666865348816, "_runtime": 50.51221990585327, "_step": 2000, "eval/loss": 2.670015411376953, "eval/accuracy": 0.6344, "_wandb": {"runtime": 49}}