{"weight_norm/fc_input.1.weight": 0.3122619390487671, "_timestamp": 1712250022.530913, "grad_var/fc_input.1.weight": 1.237702053913381e-05, "params_var/fc_input.1.weight": 0.0019330601207911968, "weight_norm/fc_input.1.bias": 0.009702037088572979, "grad_var/fc_input.1.bias": 1.0293940249539446e-05, "params_var/fc_input.1.bias": 0.0002595306432340294, "weight_norm/fc_out.0.weight": 0.1788611263036728, "grad_var/fc_out.0.weight": 0.0003231444861739874, "params_var/fc_out.0.weight": 0.14210933446884155, "weight_norm/fc_out.0.bias": 0.009256036952137947, "grad_var/fc_out.0.bias": 9.519357263343409e-06, "params_var/fc_out.0.bias": 0.05373657867312431, "train/loss": 0.6654046177864075, "train/accuracy": 0.7916666865348816, "_runtime": 51.23628807067871, "_step": 2000, "eval/loss": 0.4514640082359314, "eval/accuracy": 0.865, "_wandb": {"runtime": 50}}